Income,Age,Loan,CreditScore,Approved
76422,60,14865,666,1
35795,51,10569,512,0
20860,43,18823,836,0
58158,58,28756,531,0
74343,20,25114,539,0
64732,23,5857,647,0
31284,22,1340,717,1
74886,22,12181,718,1
26265,64,17766,581,0
36850,40,27132,832,0
57194,26,9491,707,1
41962,52,1138,700,1
67191,37,1358,831,1
64131,59,22315,537,0
36023,52,10714,710,1
61090,35,20840,826,1
21685,34,2627,748,0
20769,41,26879,726,0
79735,20,16996,547,0
76101,49,24010,517,0
22433,52,6004,794,0
25311,55,26710,695,0
57819,30,27762,686,1
59188,64,14283,844,1
37568,42,7652,723,1
73707,26,23800,817,1
39769,21,20554,836,1
48693,31,21219,728,1
26396,54,25401,576,0
47480,51,3151,687,1
61434,28,10429,845,1
45658,58,15072,769,1
38942,20,12927,594,0
77001,45,7905,809,1
38431,46,20218,631,0
22747,26,13452,538,0
78319,20,26574,571,0
79150,42,17212,780,1
20189,51,19951,832,0
39118,29,2307,659,1
55773,59,15852,686,1
73810,26,26232,690,1
21899,32,3660,619,0
76886,57,11403,719,1
21267,42,27485,552,0
51551,22,21114,721,1
70680,28,11238,630,0
31394,51,7207,736,1
23556,41,20546,745,0
23890,32,2140,725,0
61606,55,25842,707,1
50740,25,27421,595,0
34502,22,2708,699,1
41777,43,4630,746,1
30627,35,20595,571,0
28792,23,11485,817,0
63323,54,29308,684,1
63021,30,13021,505,0
28433,45,23922,705,0
63001,22,27086,531,0
31016,30,17859,598,0
43897,34,8684,755,1
22612,57,26552,686,0
76193,62,2207,575,0
78707,49,14331,676,1
75387,46,2960,814,1
74638,20,1557,786,1
43483,57,16883,848,1
78822,51,14893,754,1
68555,57,1882,824,1
79900,44,27770,689,1
37159,30,5761,807,1
64974,62,28243,844,1
60994,50,6867,626,0
34541,23,24347,786,0
55920,41,13869,753,1
46531,36,8166,712,1
21585,33,13982,749,0
23943,57,8929,583,0
43939,45,6347,512,0
39457,50,8269,544,0
21021,58,27186,626,0
31653,30,29064,613,0
63573,60,25509,775,1
33417,62,14527,704,1
72995,42,3454,836,1
60757,59,21878,772,1
29692,53,19330,557,0
65758,44,13991,827,1
26873,55,3808,718,0
25675,24,7642,608,0
20161,22,4825,778,0
57065,60,4536,673,1
46557,62,23452,827,1
53763,48,16309,763,1
52606,40,4802,814,1
31534,59,29753,610,0
49127,27,22083,686,1
60397,49,19354,768,1
45851,60,23190,728,1
21016,47,7142,655,0
44253,56,29398,688,0
75591,48,20203,771,1
44276,35,10094,501,0
43247,53,1364,745,1
44300,19,21642,709,1
28529,31,20503,785,0
37262,30,28134,512,0
29268,46,16688,595,0
41271,29,2863,720,1
32185,56,17499,737,1
41243,19,8084,593,0
59099,49,9016,837,1
28571,30,3384,768,0
77836,63,16072,670,1
59976,44,4935,593,0
58044,58,14127,648,0
71214,34,15482,611,0
69216,57,8742,554,0
68984,48,17165,836,1
60774,51,22826,615,0
22568,41,3490,642,0
74615,62,24364,700,1
22027,52,14324,679,0
22695,23,26518,701,0
78839,36,25045,552,0
68190,47,19108,679,1
25258,24,27910,812,0
42002,27,25566,807,0
59504,58,20151,636,0
53159,49,2137,681,1
33986,51,28103,500,0
32666,45,21501,543,0
58660,32,4420,726,1
23561,47,6845,830,0
46854,54,22162,597,0
58952,46,4906,707,1
72251,39,21021,764,1
42662,21,20337,787,1
28392,37,23313,770,0
50535,49,27943,639,0
33067,53,13413,736,1
68033,21,1276,571,0
72256,44,19383,654,1
43599,34,18611,689,1
55222,29,7337,767,1
31837,39,12944,820,1
34039,34,21119,606,0
78148,27,16906,731,1
50818,18,18079,541,0
39115,39,26885,689,0
30965,43,21536,638,0
44538,35,25285,602,0
62530,31,24854,670,1
25056,64,28810,772,0
52482,46,13306,720,1
67716,29,24921,712,1
28110,53,11503,840,0
33773,52,20225,555,0
47266,29,5208,841,1
72992,24,29135,601,0
37412,46,12590,691,1
76537,28,26117,809,1
53270,50,11886,699,1
26910,23,13866,732,0
65453,64,2088,726,1
45446,32,4363,638,0
76090,49,1024,843,1
73640,28,10764,804,1
20206,40,23528,648,0
41518,43,28534,614,0
42361,51,23052,562,0
76873,63,21620,603,0
43419,51,10959,838,1
70636,46,13935,655,1
77010,21,9068,772,1
68702,34,19619,505,0
70015,52,8295,646,0
71942,30,9392,683,1
76560,58,12390,527,0
61523,56,9448,537,0
74268,32,21131,618,0
65151,46,11433,792,1
42403,46,16038,743,1
38141,28,20559,567,0
34820,49,29182,713,0
60342,19,12528,717,1
26374,64,22281,676,0
76044,31,22421,798,1
21678,37,16743,663,0
72394,39,24811,557,0
73788,28,9605,768,1
53827,44,3014,807,1
75820,20,2381,557,0
36198,34,2098,787,1
29914,61,20810,604,0
47890,45,21039,727,1
72309,46,25322,746,1
42299,38,10101,687,1
63585,64,1187,582,0
63689,33,29620,685,1
62557,54,12948,751,1
69080,37,11207,737,1
64020,23,22793,683,1
22693,36,3092,783,0
49467,22,29220,709,1
49723,20,19514,803,1
66699,18,6242,795,1
23627,55,9549,596,0
45939,32,23031,707,1
68925,51,6185,636,0
62941,52,16271,683,1
41834,42,6776,575,0
38047,41,27998,786,0
46105,29,13449,641,0
30230,35,25297,736,0
35707,32,24931,524,0
41976,61,8823,789,1
64262,33,16717,566,0
79581,44,8355,749,1
43776,25,7465,617,0
50080,63,13737,572,0
21306,42,18881,781,0
26776,34,14324,509,0
47251,46,11350,710,1
75016,25,3555,822,1
29474,32,22793,651,0
60294,44,27918,504,0
78053,63,3951,694,1
41959,24,18622,782,1
25530,20,26549,612,0
49320,46,5727,770,1
73565,61,21349,662,1
23748,41,6686,604,0
51968,20,26626,680,1
52562,37,4701,543,0
33545,63,3780,781,1
20663,32,24782,674,0
54766,42,18972,661,1
27994,47,29454,839,0
48021,31,3368,639,0
50303,24,16592,631,0
70647,34,23173,586,0
23304,61,1436,675,0
72915,37,3828,682,1
74384,53,2556,628,0
71005,26,24954,745,1
66576,55,14364,588,0
59353,39,29434,565,0
37675,19,24864,657,0
72733,41,26880,648,0
64417,25,16061,839,1
43938,28,11576,615,0
43664,30,17566,713,1
21636,34,8190,793,0
40080,25,24071,752,0
47728,38,6565,642,0
69850,35,24625,749,1
46736,47,16369,801,1
48673,35,25035,524,0
57505,63,22959,776,1
67323,64,2589,569,0
66645,48,27163,612,0
20854,55,26235,611,0
44548,49,1159,802,1
58623,28,13145,590,0
27392,62,16373,517,0
75680,42,7555,648,0
66717,50,17237,726,1
74401,55,10203,713,1
41556,58,9244,650,0
70859,25,15743,691,1
58559,28,14333,539,0
46309,39,14341,741,1
41919,41,24230,637,0
24931,58,19691,844,0
72662,34,2228,679,1
52970,29,24610,699,1
64215,63,6590,702,1
73370,49,24303,560,0
32688,32,6585,691,1
45342,33,10227,504,0
57157,39,29278,736,1
22327,45,7046,680,0
60772,37,13237,810,1
72083,50,16649,536,0
60545,27,5945,555,0
20197,57,8927,736,0
43509,49,13641,848,1
54698,50,16998,696,1
64542,19,14386,572,0
35087,50,8016,558,0
42671,50,15027,739,1
45184,58,16920,501,0
47848,30,25142,687,1
62107,47,14752,806,1
40666,50,22470,529,0
64357,30,26840,766,1
71663,43,24545,607,0
35708,39,19268,831,1
46370,56,19193,589,0
69811,19,4167,704,1
22811,55,12989,719,0
76250,56,27917,593,0
67011,43,23736,602,0
26546,63,28990,722,0
78713,32,26393,685,1
54754,51,15087,683,1
50206,59,23440,661,1
61106,61,3437,746,1
31411,57,23852,530,0
22911,28,16275,551,0
21734,20,26464,844,0
38227,23,23335,575,0
28680,26,6276,777,0
39360,23,9859,539,0
38343,26,8818,600,0
25759,56,5728,610,0
43078,48,20008,820,1
55153,49,6738,748,1
31111,58,21616,690,0
57504,29,6793,681,1
21802,25,5523,834,0
28155,25,6571,708,0
28120,45,17209,521,0
59384,37,16246,665,1
67025,64,26394,598,0
67254,24,11380,707,1
41918,28,26682,507,0
40445,37,3224,689,1
50306,33,9389,674,1
36646,21,28247,772,0
66843,23,16927,516,0
75439,39,23475,589,0
51065,43,12684,640,0
45199,20,11640,644,0
61976,58,9662,665,1
36371,59,7361,836,1
31835,31,2948,577,0
65936,28,13091,761,1
22049,35,27586,662,0
51616,29,12992,513,0
58191,40,24478,738,1
67357,29,7318,571,0
40932,30,29694,642,0
72260,42,21180,809,1
49855,62,13180,782,1
27158,36,1234,768,0
63016,63,16372,740,1
27400,53,26504,744,0
72322,62,20991,662,1
62642,25,25427,559,0
35151,46,1522,505,0
71407,49,23288,696,1
21154,61,29099,557,0
24499,35,13718,804,0
26295,23,22272,716,0
75349,35,10821,525,0
79040,36,6832,802,1
32183,39,13820,504,0
49299,54,17211,519,0
32874,49,8122,697,1
70800,58,6842,558,0
52711,20,2316,741,1
25539,45,28433,645,0
62405,27,14200,772,1
73351,52,18508,748,1
77597,46,23005,513,0
68354,32,22807,512,0
22557,50,16206,543,0
58360,24,19971,518,0
36482,29,26599,562,0
22200,47,23056,738,0
66940,38,2378,836,1
22961,48,20758,599,0
66975,41,2519,662,1
41357,37,23161,621,0
73585,54,8935,543,0
31969,21,7093,816,1
22869,45,25802,644,0
70108,61,6355,826,1
66760,37,22352,549,0
48643,41,10083,564,0
44736,49,6574,787,1
58467,58,21456,663,1
43328,53,14324,640,0
73645,51,3257,813,1
45876,53,28364,627,0
41295,19,25972,738,0
23987,32,14411,823,0
78871,51,27654,795,1
42399,53,16233,686,1
66214,23,16887,707,1
53986,56,21808,719,1
40880,59,20621,689,1
24735,29,21277,845,0
64064,20,3005,783,1
24555,62,19400,736,0
61914,35,28747,693,1
60818,57,11860,786,1
65525,38,11070,758,1
39830,32,10388,745,1
37429,50,19156,635,0
26893,52,25737,779,0
70845,43,21360,770,1
34373,25,19135,670,1
67333,53,26351,658,1
23436,47,24814,700,0
28754,40,15609,544,0
30677,59,24554,763,0
25895,61,23853,570,0
39738,31,17363,602,0
50746,31,26515,624,0
69377,19,20604,812,1
68404,54,17923,785,1
74045,22,15823,729,1
52352,55,18845,645,0
59790,62,22568,696,1
61919,58,9547,720,1
25600,64,29180,559,0
49124,31,12515,597,0
47643,56,1234,670,1
60764,42,15562,672,1
29007,37,18932,650,0
65714,19,8480,849,1
76835,56,27672,621,0
57410,23,5213,607,0
64080,34,11293,503,0
60447,42,2673,592,0
28208,45,24092,505,0
76491,19,25366,787,1
78587,52,3100,605,0
38589,54,12849,645,0
63484,22,29172,770,1
37453,18,21132,595,0
56212,57,20557,728,1
63525,29,19199,701,1
67202,53,4841,711,1
52635,62,11197,505,0
53828,40,9016,611,0
38711,64,8011,822,1
23420,48,5493,605,0
51216,28,18058,638,0
20301,27,25472,798,0
65236,20,9578,595,0
69758,31,3158,836,1
72322,33,20045,796,1
20699,27,3064,713,0
74240,46,29427,790,1
78483,27,4253,521,0
20190,29,22363,692,0
30492,47,25087,649,0
70132,58,13828,746,1
55743,18,29842,766,1
26102,22,26315,750,0
70336,37,2401,502,0
72479,25,20643,815,1
39778,60,16193,575,0
77471,29,27853,586,0
46641,18,13096,769,1
54584,37,21307,724,1
52745,45,5214,517,0
75006,60,20611,612,0
43093,54,12023,750,1
20569,64,12950,732,0
58210,54,11704,828,1
54663,29,11343,778,1
71885,54,12867,701,1
56631,61,3745,582,0
65681,45,23475,624,0
27455,64,4866,674,0
24014,32,12956,568,0
31093,23,6818,546,0
38070,61,19606,755,1
55777,37,17093,714,1
76958,31,20176,529,0
36538,19,27273,780,0
30729,26,16493,736,1
54177,54,29038,747,1
65017,37,21447,524,0
20784,43,18908,573,0
47751,46,9224,705,1
60864,18,23582,813,1
60328,52,5025,593,0
32533,23,19950,626,0
60111,54,20187,524,0
59974,22,29472,833,1
74748,50,21093,615,0
25801,31,7155,547,0
39190,29,14839,725,1
69689,59,1719,765,1
58754,37,15890,598,0
70993,41,23900,510,0
49592,60,21963,584,0
30647,51,18356,713,1
28716,42,21102,672,0
43355,46,24779,708,1
42009,56,21786,563,0
72102,48,21936,757,1
44376,64,19591,831,1
65091,60,5426,620,0
24780,40,24303,797,0
22368,61,13512,553,0
32039,55,28606,830,0
26655,37,16064,771,0
60941,40,29151,740,1
24495,62,14767,742,0
30893,33,12308,517,0
45547,59,12477,686,1
42386,25,26219,845,0
75766,38,13903,643,0
78510,18,25770,761,1
33403,25,29572,738,0
52097,46,9680,803,1
33121,49,3204,797,1
75071,55,28233,575,0
30966,22,22729,687,0
79326,64,20660,832,1
53621,39,2102,745,1
73298,64,6243,629,0
48312,51,7614,814,1
72921,18,17299,782,1
69726,43,26817,578,0
70300,60,9707,571,0
42677,27,14913,762,1
75609,47,22607,690,1
51289,35,25968,562,0
76661,34,1630,511,0
51024,43,12908,640,0
62675,25,27423,753,1
24777,64,11847,542,0
73006,57,10171,516,0
49749,29,13721,562,0
35338,44,28978,752,0
22491,25,29447,791,0
47236,42,24067,507,0
68096,63,17661,824,1
34599,21,17616,589,0
39508,50,10744,707,1
74843,18,6690,791,1
23051,36,14401,783,0
68747,48,8659,617,0
69156,33,28846,848,1
41606,31,11601,674,1
41699,22,12704,575,0
74021,58,1025,600,0
20876,43,16384,650,0
78335,45,14705,769,1
76179,19,24852,570,0
52093,23,23794,679,1
24142,26,9652,623,0
35202,50,21148,792,0
59734,58,23983,784,1
27079,42,29007,694,0
27987,30,14379,727,0
59567,26,22486,774,1
48940,30,8006,605,0
57233,48,20867,520,0
37019,58,19378,563,0
66185,28,9682,664,1
38077,21,2072,526,0
46258,51,24091,810,1
41136,55,28749,784,0
28311,63,1215,647,0
37214,21,24989,780,0
34098,55,10915,825,1
48251,36,10784,818,1
57945,23,19990,663,1
67030,51,25734,723,1
45945,35,15824,771,1
45316,30,22165,645,0
52217,58,4313,529,0
28308,40,12033,544,0
25949,36,10968,774,0
71990,62,17241,533,0
21150,28,27628,640,0
43944,18,25147,817,1
54699,41,6939,720,1
29204,24,15696,521,0
70816,42,15794,679,1
21081,38,3295,828,0
49305,32,23069,730,1
36896,18,2696,537,0
66175,29,12185,569,0
27805,24,28045,615,0
25237,32,19330,738,0
69711,38,13001,834,1
40056,36,15350,647,0
65543,46,20167,508,0
76556,42,4644,787,1
69012,50,22625,549,0
65952,49,7420,837,1
23343,52,28076,504,0
33500,61,24941,842,0
73222,55,12837,625,0
49375,43,20029,574,0
29662,28,23973,664,0
36964,52,7353,777,1
67893,25,11541,823,1
76156,63,2932,799,1
79638,31,12486,789,1
28130,27,2757,576,0
39531,19,6085,797,1
73401,63,6637,636,0
21679,26,2116,605,0
23506,20,11759,594,0
33284,38,12691,634,0
27253,43,1492,567,0
39128,25,28882,646,0
47932,19,9811,658,1
29435,23,28808,662,0
74340,45,25272,840,1
64078,46,29399,688,1
33296,43,7474,838,1
71293,42,27956,594,0
50445,29,15385,680,1
33245,22,10738,787,1
49124,51,22342,821,1
49899,54,14979,686,1
63919,32,12755,637,0
63225,61,10797,629,0
75769,53,29328,693,1
55247,32,15607,815,1
75636,60,13867,772,1
49222,40,27466,643,0
46211,23,26851,515,0
76573,63,20127,801,1
79101,61,8866,744,1
57220,60,16449,606,0
46646,62,11685,587,0
58649,38,24544,628,0
43049,40,6451,840,1
34069,60,22642,503,0
52580,33,9548,826,1
51843,64,8186,805,1
22849,32,7102,594,0
60158,42,26445,708,1
43289,53,26461,724,0
64690,28,27577,847,1
55257,32,26859,820,1
29823,21,1619,546,0
61975,38,1882,680,1
29540,30,26372,605,0
36364,39,4642,698,1
24611,36,29001,605,0
47663,51,2296,779,1
71991,31,15122,759,1
77679,21,25820,607,0
58646,63,3895,518,0
50977,44,23977,795,1
49168,46,18313,805,1
69115,64,6366,670,1
45471,45,9711,830,1
42687,52,20596,694,1
20851,25,19793,511,0
38071,33,9199,694,1
79275,59,11717,782,1
26833,53,4423,681,0
31938,47,11211,804,1
55195,35,13782,643,0
46144,19,24360,815,1
24000,30,24978,681,0
25052,21,22542,529,0
55506,43,13474,583,0
48074,42,4667,665,1
74884,47,29247,783,1
58155,28,28377,780,1
60770,24,23357,595,0
52320,48,23620,765,1
58304,61,9277,797,1
66247,27,28691,795,1
23913,56,13424,724,0
37450,30,19852,832,1
44107,48,23601,541,0
40764,24,21003,802,1
63404,59,19020,745,1
40491,59,9155,707,1
58494,53,4583,736,1
23373,37,16515,521,0
32161,21,5009,684,1
51996,24,20710,741,1
47122,18,11410,782,1
78097,61,25532,540,0
54850,62,19601,835,1
47350,59,5967,661,1
47472,64,19753,659,1
48761,30,21022,588,0
45351,39,11695,821,1
43132,38,10135,511,0
69049,39,6722,572,0
35305,45,28413,575,0
29817,26,28236,845,0
31261,43,16514,700,1
20417,26,12128,509,0
77458,32,5444,725,1
61576,27,8618,675,1
40358,41,21331,775,1
23267,59,19060,538,0
37209,25,2196,559,0
44052,41,13297,565,0
58513,33,3787,820,1
46092,43,24816,623,0
31338,44,27037,663,0
20412,54,8927,658,0
27543,21,20702,556,0
60355,41,26242,577,0
53496,36,24073,693,1
43548,53,3176,784,1
47384,56,21127,514,0
78019,27,9792,511,0
64425,42,28228,600,0
58756,35,21806,655,1
38888,36,21208,839,1
55735,53,29482,624,0
67295,27,10171,779,1
71938,50,3451,609,0
68816,22,1628,833,1
37506,64,10821,645,0
40463,52,8778,715,1
37955,61,4696,661,1
57841,51,29006,627,0
25104,50,21058,813,0
54911,38,21313,831,1
79031,34,20149,649,0
43190,39,21753,535,0
27357,54,13972,672,0
52479,32,9307,521,0
64811,52,5956,705,1
56208,45,11195,626,0
40150,24,18076,835,1
25644,49,20546,716,0
63286,28,2105,595,0
67320,27,20392,663,1
22914,26,19545,647,0
41352,31,16417,517,0
75069,30,25729,793,1
66352,42,15188,694,1
64912,19,21083,650,0
34397,52,13602,622,0
61555,24,21170,686,1
66959,38,10256,648,0
20728,35,21584,603,0
70517,20,15212,742,1
73644,59,2913,730,1
20698,56,26792,705,0
59954,58,22904,697,1
67280,28,11593,836,1
33923,56,2772,586,0
36779,41,27536,641,0
27400,63,20164,816,0
44466,36,13996,698,1
56939,21,24807,545,0
24360,43,3871,787,0
55270,55,14234,514,0
79163,59,18044,543,0
37101,49,23626,668,0
71934,56,28211,809,1
52307,62,11521,543,0
74098,63,29530,597,0
25486,53,11642,760,0
28335,57,2132,608,0
41364,54,1699,782,1
76418,50,15534,842,1
57259,53,24854,603,0
43576,20,11230,755,1
51667,26,7297,705,1
31130,25,13839,834,1
41972,50,8812,542,0
60419,23,5557,744,1
72788,58,3179,786,1
21167,56,12030,772,0
47192,21,10065,582,0
21062,30,9275,609,0
38540,19,18806,689,1
44244,22,16089,787,1
41545,61,28251,750,0
41689,44,4180,711,1
31174,49,21700,790,0
42925,38,29551,632,0
57497,25,7696,700,1
29348,55,10583,784,0
43714,25,28794,825,0
58102,20,29783,594,0
28924,61,17998,777,0
57098,20,14869,824,1
44394,39,28547,718,0
26801,23,12757,588,0
57614,19,29152,571,0
26731,40,21954,746,0
68136,61,17654,628,0
43625,19,13258,711,1
37337,55,3468,842,1
55307,34,15208,595,0
27056,52,16042,574,0
31516,51,26966,553,0
64261,40,16639,843,1
21542,47,12546,553,0
41677,25,13327,717,1
66732,39,15270,515,0
70343,61,16523,598,0
59081,53,15300,519,0
47569,22,20991,545,0
43322,30,11775,692,1
39065,46,13265,557,0
78561,48,20459,610,0
37924,64,29482,628,0
42556,33,17673,836,1
74693,59,25504,693,1
46962,47,28056,839,1
48295,33,7614,825,1
33807,29,4252,507,0
62348,34,8415,528,0
46432,33,24155,611,0
37749,29,17662,660,1
61459,25,12116,630,0
46256,37,17964,687,1
77854,20,5958,662,1
60262,33,25829,696,1
57080,47,5276,703,1
21324,62,25381,711,0
45731,40,5776,608,0
79171,45,18208,775,1
55909,57,4832,572,0
43803,22,26275,666,1
39870,37,15901,759,1
54578,57,6445,742,1
26588,61,2380,774,0
72075,18,29472,601,0
58069,47,10865,672,1
46790,38,28303,670,0
73338,37,23918,640,0
45289,23,14926,687,1
75129,39,20540,585,0
48178,35,12580,551,0
48710,25,21691,610,0
35485,56,6634,841,1
64482,49,25959,542,0
40652,50,6810,710,1
24748,33,25917,699,0
41233,29,23318,797,1
29435,55,11179,845,0
23709,51,13251,739,0
78425,31,14131,614,0
50355,53,20493,525,0
75771,50,21466,798,1
77799,40,13707,576,0
33116,62,28374,636,0
45470,19,20624,519,0
62344,58,27564,710,1
62918,38,23412,739,1
72224,19,28990,538,0
59298,44,19233,767,1
62956,26,25881,706,1
34683,18,29189,766,0
20504,28,3749,653,0
53982,20,14156,541,0
54299,40,24064,510,0
48016,43,26711,793,1
43960,21,17589,597,0
53591,35,24736,774,1
37312,23,21975,729,1
57797,52,4450,719,1
66196,39,8214,564,0
69285,60,21195,731,1
22105,32,12814,827,0
56395,39,29175,551,0
65740,54,28127,762,1
42700,59,6141,766,1
54620,29,29884,816,1
57678,64,25885,823,1
40559,59,3708,653,1
47509,55,19375,639,0
47860,35,16088,550,0
31003,62,25847,616,0
41732,52,12834,545,0
45826,47,13278,808,1
50354,41,11014,587,0
33843,59,4273,707,1
64472,47,15367,768,1
68529,31,5538,588,0
26190,23,13541,617,0
37640,20,9712,553,0
72528,33,10168,615,0
58413,24,21106,617,0
72638,31,4551,759,1
72736,26,13297,574,0
62356,32,11965,804,1
64597,38,28128,506,0
60821,52,3832,621,0
23330,19,29483,510,0
39087,44,23063,847,1
61430,19,23963,714,1
44504,52,14422,778,1
27114,35,1152,527,0
33323,31,23138,734,0
54121,37,12156,812,1
30975,35,12108,525,0
31023,27,3800,553,0
41447,42,6310,528,0
44933,19,10944,663,1
43959,42,3610,769,1
20667,50,13067,833,0
73620,53,2104,534,0
49703,48,11728,785,1
29337,31,24745,847,0
66427,18,21583,772,1
75971,63,21238,707,1
56487,33,8263,737,1
39129,63,29070,592,0
60251,20,2914,672,1
51921,52,24749,578,0
53307,58,20456,609,0
47355,23,26582,716,1
57732,42,1406,605,0
24835,30,14689,546,0
40159,51,1166,680,1
58810,25,1508,563,0
67605,38,19045,745,1
76254,51,4664,743,1
60080,21,20873,819,1
58088,42,14050,586,0
33216,32,1680,716,1
75284,21,19908,506,0
77043,62,19504,777,1
79852,29,22644,836,1
55547,49,5357,709,1
51471,49,2363,668,1
37308,45,10523,829,1
47532,30,3292,637,0
54349,48,2538,805,1
76866,31,4408,729,1
72476,37,25126,807,1
65445,35,9752,660,1
25713,46,26675,500,0
76178,23,19287,735,1
69407,49,1174,687,1
24804,46,27732,503,0
70990,60,3230,631,0
30136,19,5287,717,1
20009,40,21544,759,0
39255,36,13112,500,0
78141,48,8106,570,0
43793,22,10689,677,1
76570,36,13046,688,1
49548,51,20555,790,1
57892,27,18951,507,0
21015,42,2151,752,0
79168,19,8619,791,1
47712,28,7033,743,1
54961,48,9560,622,0
28415,32,5946,798,0
66318,26,25618,782,1
67280,40,2907,531,0
43833,36,4490,833,1
24158,26,19919,645,0
40309,52,5173,655,1
26970,38,12065,515,0
26938,26,27400,546,0
41168,45,18677,750,1
66540,63,5769,686,1
40384,24,5796,530,0
38017,33,14046,759,1
30344,33,15211,516,0
60034,50,24255,538,0
28702,21,28962,803,0
20384,21,20356,538,0
20404,56,21306,631,0
60943,57,5997,529,0
67926,34,24416,657,1
49189,54,18376,777,1
32763,56,9112,702,1
38384,46,6287,565,0
52606,53,11578,607,0
29860,55,19624,767,0
58757,56,18860,721,1
35106,54,7426,791,1
70612,52,12599,517,0
43574,24,1389,589,0
43524,44,1999,680,1
23636,45,13812,754,0
30916,39,16599,752,1
24809,31,2855,756,0
52201,24,9125,845,1
73330,54,14794,586,0
33456,39,26234,589,0
68212,22,3763,736,1
76397,19,21047,569,0
75752,44,5986,543,0
58765,38,2481,699,1
54816,55,24640,651,1
65106,32,4731,585,0
73932,38,24646,518,0
37100,27,17835,600,0
77091,40,28051,594,0
41949,56,28798,753,0
24544,22,27113,529,0
57744,18,20477,748,1
65543,30,18266,532,0
62783,38,21792,728,1
46657,43,21452,511,0
56187,62,11758,617,0
67198,38,20661,849,1
27239,35,17311,654,0
78918,54,9566,745,1
34489,62,12889,831,1
69401,49,25335,746,1
78017,53,12254,528,0
63125,34,22074,660,1
69922,52,12442,734,1
48538,28,14521,689,1
52049,38,21979,616,0
57131,43,5559,770,1
62944,21,17199,757,1
70229,51,8291,679,1
28427,35,9160,671,0
61348,57,1112,773,1
44285,52,22515,758,1
57626,58,20581,634,0
62808,46,16924,670,1
42928,46,27954,709,0
73871,55,27500,735,1
39198,59,17523,685,1
39758,38,2424,594,0
35254,59,20333,510,0
64238,30,20552,567,0
21252,58,26092,709,0
59764,34,11808,695,1
32173,26,7043,597,0
57441,58,7989,592,0
46698,18,24620,521,0
73682,19,7261,671,1
79494,46,1887,633,0
35781,50,20488,524,0
33051,27,17433,684,1
59649,57,21335,584,0
26949,38,20944,554,0
62289,45,17402,750,1
75393,28,22205,643,0
28017,51,23724,666,0
26941,25,25442,723,0
45934,39,27049,719,1
43386,25,13253,678,1
79826,32,19990,618,0
30209,34,8846,764,1
37715,40,26027,649,0
48920,41,7432,714,1
73413,62,14452,696,1
76800,36,14395,541,0
51703,22,4765,552,0
62318,49,19822,829,1
74267,61,16950,750,1
24637,18,13502,794,0
24854,40,10741,770,0
72329,54,23742,622,0
76882,25,29050,838,1
63088,30,25703,765,1
71332,25,6941,847,1
57660,40,25028,528,0
59811,60,5855,534,0
69289,18,23931,505,0
75479,62,24580,610,0
39856,41,23295,793,1
41833,52,23865,576,0
71984,41,16166,848,1
39963,34,20145,646,0
75123,22,21840,566,0
56932,37,26991,507,0
47169,38,23745,621,0
27941,57,23077,839,0
34388,48,6788,674,1
25569,63,1201,678,0
24300,53,23544,584,0
59037,28,11561,544,0
56586,32,17901,635,0
32015,36,8737,842,1
65002,24,26917,515,0
71058,45,2988,832,1
26254,60,16441,694,0
37144,22,12737,508,0
44214,22,15256,815,1
60118,47,21186,833,1
35183,49,23192,832,0
26238,25,28851,826,0
26090,27,29230,514,0
31637,55,8162,826,1
42415,64,28010,601,0
44071,49,14065,725,1
78243,45,23625,777,1
65415,34,15114,612,0
62679,48,9399,500,0
61240,25,6633,765,1
38271,57,6755,707,1
56034,42,11825,609,0
53434,26,23693,699,1
24188,19,5117,805,0
69823,32,25729,511,0
30161,20,28942,844,0
48732,53,29890,687,0
75929,21,2518,653,1
31314,31,23547,833,0
43954,58,17346,778,1
77108,58,3600,670,1
41508,42,14237,633,0
41969,27,19579,524,0
65659,38,4554,517,0
57545,53,27990,689,1
56668,29,17193,640,0
43061,44,20233,542,0
33716,57,16253,833,1
59749,19,17194,783,1
59144,30,2742,645,0
36907,49,2306,814,1
38777,48,4849,818,1
47693,33,13360,591,0
71745,49,13768,678,1
62928,49,24903,555,0
46329,51,14032,654,1
66892,28,5195,659,1
36282,27,22562,610,0
43624,32,19939,636,0
43321,34,19689,731,1
30488,57,8619,719,1
42574,35,10280,567,0
25240,26,3642,801,0
63221,42,10369,748,1
30478,57,15296,822,1
75645,31,23793,505,0
65162,42,16438,779,1
39262,39,16674,593,0
73295,47,5757,768,1
72796,37,3994,696,1
24432,38,26135,524,0
49721,61,28540,647,0
33568,49,16226,617,0
79399,63,2271,837,1
34178,38,2813,837,1
70428,52,28491,565,0
42195,49,26185,800,0
20302,47,19845,674,0
37022,56,21504,818,1
20055,29,23508,575,0
65781,58,9475,613,0
28717,64,28504,610,0
48699,35,5396,748,1
28150,38,10283,702,0
22125,30,14318,646,0
64247,38,18200,534,0
68513,25,24688,808,1
36748,63,24715,525,0
59577,57,1082,737,1
24621,63,2920,513,0
35034,24,8817,544,0
66391,40,12683,715,1
25126,61,12336,732,0
25122,49,16596,692,0
38030,28,3093,550,0
37302,39,13905,713,1
39181,39,24455,650,0
75658,60,25351,774,1
58638,42,9367,837,1
21531,39,6285,575,0
60940,45,11896,719,1
72497,46,5937,847,1
60441,30,17753,686,1
43333,35,19202,788,1
59650,19,19485,527,0
54674,46,13977,679,1
55854,38,20874,752,1
66271,32,19163,625,0
28152,44,8674,676,0
58518,48,18748,536,0
65540,32,24678,598,0
30267,40,28918,597,0
45289,41,4676,626,0
21062,61,3426,667,0
71128,30,25648,579,0
70448,39,25473,793,1
49926,60,3962,832,1
26229,54,1859,625,0
76793,50,13048,842,1
69277,20,5138,809,1
67915,36,3424,649,0
24632,40,26640,515,0
59056,46,11409,527,0
23596,47,5017,672,0
64243,56,11451,545,0
26168,61,29327,827,0
62563,64,11278,735,1
27561,42,25944,713,0
28258,54,11996,584,0
36616,64,25726,781,0
79500,25,2134,731,1
78513,59,22550,584,0
46734,33,6119,564,0
26371,25,6694,633,0
73358,18,28360,650,0
46069,61,23520,614,0
34369,22,22869,563,0
32910,20,5164,842,1
27943,18,19730,657,0
32199,21,6039,576,0
35728,57,22281,645,0
43275,52,15631,842,1
26738,49,11442,724,0
35913,59,9252,812,1
55240,51,22425,602,0
39123,60,28586,846,0
74553,42,21285,800,1
68447,27,18721,587,0
54529,38,18568,802,1
30167,63,21810,667,0
30554,56,2551,669,1
37260,44,13625,634,0
67045,44,2629,549,0
23812,19,26903,839,0
48024,58,18910,846,1
78656,30,27249,633,0
70612,26,2361,846,1
47285,53,27149,636,0
46900,39,28262,744,0
70885,59,5370,608,0
21605,43,6283,812,0
25622,29,8610,786,0
26767,34,11558,520,0
47139,31,15924,589,0
31613,31,15839,795,1
76138,51,12949,611,0
72669,37,11626,800,1
30589,28,2993,576,0
33918,33,1869,676,1
40119,48,2014,842,1
47446,23,11103,647,0
78504,36,17986,600,0
33046,54,13013,745,1
44818,21,1690,616,0
55358,64,26069,591,0
70215,21,17873,527,0
24324,37,24248,524,0
30787,27,24624,557,0
29111,41,11748,796,0
58110,52,25170,633,0
36389,43,9024,830,1
76641,54,17678,748,1
61427,55,6488,537,0
34043,38,21411,574,0
48746,57,12035,641,0
77347,56,20296,821,1
42350,38,27293,667,0
61605,27,28172,758,1
20117,55,22128,724,0
66685,63,19257,651,1
38935,21,13855,518,0
67077,62,20642,645,0
33234,37,3817,740,1
58328,34,26020,843,1
73441,24,21025,736,1
20846,21,5458,534,0
30954,46,6307,689,1
33703,31,9933,500,0
68153,20,19425,652,1
66514,41,18063,625,0
42700,54,11659,844,1
52043,33,29273,725,1
26469,21,6738,720,0
50105,41,6668,710,1
62101,51,26934,524,0
46386,47,15427,515,0
78067,35,8697,681,1
69376,36,25417,828,1
65587,48,17446,628,0
56976,36,8829,541,0
59051,63,11751,835,1
22048,36,14450,735,0
59001,39,29345,533,0
32941,41,8352,844,1
65375,62,14516,544,0
62533,29,24299,633,0
21828,47,29927,520,0
21917,55,9326,621,0
40618,48,4644,569,0
52254,53,22354,547,0
59756,36,27711,538,0
71178,62,9003,786,1
67362,53,4278,509,0
40128,47,8296,529,0
78245,50,26398,743,1
65745,35,4074,773,1
79383,45,14261,587,0
20009,64,12173,743,0
36644,28,9312,828,1
42422,62,24936,514,0
29865,50,2637,503,0
22219,34,14652,690,0
59809,23,6103,667,1
71212,21,26500,508,0
25287,37,18028,608,0
54387,64,3032,636,0
28512,44,3761,653,0
21342,32,16195,708,0
63336,23,19452,771,1
39216,64,17625,642,0
71976,31,3668,598,0
71146,28,15638,807,1
47534,56,16954,568,0
34231,26,18186,746,1
52293,43,22443,760,1
46614,33,13356,775,1
56258,22,1195,578,0
48253,27,3187,645,0
62078,20,12707,610,0
60752,30,3330,757,1
37988,60,27935,592,0
51037,47,22225,512,0
32219,62,4606,759,1
20235,23,25852,608,0
62929,34,1060,829,1
21908,62,28966,688,0
28567,36,27489,594,0
56298,59,15387,604,0
25256,52,4927,507,0
39019,63,7296,566,0
28162,43,14622,690,0
78914,22,15125,755,1
71712,46,3591,508,0
25415,54,26142,616,0
56159,37,13127,766,1
63925,38,16748,598,0
25951,27,27147,797,0
41852,22,7121,663,1
28007,53,2200,640,0
61832,23,16721,767,1
78596,43,29985,536,0
75565,21,20238,573,0
50523,56,12087,572,0
43325,56,24408,807,1
78658,52,26812,698,1
41204,18,7972,629,0
35524,41,1136,745,1
39282,53,18413,811,1
43930,23,16346,559,0
20077,58,27732,778,0
60345,63,19978,602,0
79965,61,24590,795,1
40611,48,1661,819,1
36984,37,3472,840,1
34060,41,28253,650,0
37449,42,27884,656,0
38520,53,1086,705,1
79793,38,11704,678,1
63303,47,7219,696,1
79207,41,25527,722,1
29510,61,17322,588,0
49287,59,15749,786,1
48173,47,7968,775,1
59711,39,28518,735,1
31954,45,20157,682,0
27804,24,28080,708,0
26565,52,14596,629,0
25984,45,28886,652,0
41526,31,2700,512,0
57438,27,29246,621,0
38574,33,3700,719,1
29184,33,24199,605,0
39096,48,12821,569,0
22192,59,19031,694,0
54016,42,23422,685,1
31246,30,22548,598,0
65558,23,6520,581,0
73185,61,12510,574,0
38381,26,4687,839,1
56455,62,17980,691,1
46727,53,21929,824,1
24018,60,26060,713,0
31302,37,9837,814,1
21970,35,15955,817,0
61157,60,12281,643,0
74917,38,14917,715,1
47202,21,5757,823,1
51110,50,14045,514,0
37586,44,21768,716,1
44519,24,9912,534,0
51273,23,5733,682,1
41951,32,8081,769,1
76819,35,9690,599,0
35374,49,24501,506,0
74894,28,22113,529,0
25788,37,2673,804,0
25408,41,15318,643,0
79379,32,28643,610,0
45053,24,25690,731,1
29446,38,12171,678,0
20922,59,27312,571,0
53187,43,14545,709,1
71356,61,12803,719,1
30789,31,24562,579,0
52184,54,27829,582,0
21120,38,3294,541,0
64028,35,4630,772,1
52154,22,16093,690,1
37334,20,17530,672,1
22336,40,15453,506,0
58141,43,13174,654,1
22243,54,4453,509,0
39029,41,5507,533,0
79201,36,23167,535,0
52265,42,25135,505,0
57380,38,11602,714,1
66714,29,6628,633,0
71017,58,9328,784,1
63872,50,16534,625,0
66197,21,20744,836,1
75180,59,20389,673,1
43710,24,4552,651,1
49486,39,17402,830,1
26371,50,3242,525,0
26359,34,15665,614,0
60631,41,23702,783,1
55996,51,6097,574,0
40103,45,9640,665,1
34382,60,2948,688,1
38755,58,26521,577,0
55659,56,6618,589,0
23756,39,5236,675,0
40609,34,24285,520,0
68538,51,2920,553,0
36478,23,12169,683,1
55442,63,5188,721,1
59666,23,13207,814,1
30147,51,1238,827,1
53561,18,1204,678,1
79178,27,11799,775,1
54884,38,6552,611,0
25779,22,29916,723,0
32298,19,5927,713,1
34153,39,28964,558,0
63879,19,12164,826,1
30789,27,5390,608,0
64165,51,20071,656,1
32999,33,22335,690,0
75318,56,16641,699,1
20814,39,7160,811,0
69497,29,29742,695,1
30541,41,22772,534,0
44938,64,26924,745,1
22443,57,29976,736,0
30457,55,16810,603,0
30380,27,6126,506,0
27783,52,1816,782,0
64241,49,14414,500,0
37368,24,26396,718,0
35328,38,1192,729,1
76942,37,19160,671,1
46215,43,4645,586,0
53595,21,13816,540,0
47306,63,7314,622,0
39915,39,25826,830,0
59915,32,19172,797,1
57219,57,8374,677,1
35343,38,4700,562,0
66403,32,11655,664,1
73028,39,16129,686,1
58727,45,10359,708,1
20126,31,4893,726,0
72329,44,7811,547,0
47632,58,10288,723,1
61563,57,20063,502,0
64409,45,27423,674,1
75176,43,21288,598,0
74261,19,24644,615,0
40530,42,1504,769,1
59964,20,10813,752,1
64327,25,15671,816,1
23368,61,28048,594,0
23797,50,11738,772,0
67882,59,26963,523,0
33718,52,12186,615,0
54560,23,7773,650,0
31053,56,4816,837,1
42116,40,1717,549,0
56244,42,12676,705,1
56185,60,5434,834,1
21645,36,18042,578,0
67523,22,6057,569,0
78549,28,21392,526,0
72182,29,5994,770,1
39256,27,5234,549,0
55840,25,4764,791,1
54622,41,12181,746,1
73173,45,5637,763,1
57430,58,3104,578,0
59282,53,10447,689,1
74183,54,24185,546,0
22708,38,11674,688,0
31694,25,25959,755,0
76264,26,19991,721,1
29524,64,9385,740,0
51880,32,12999,768,1
77545,63,4719,500,0
72659,57,3581,533,0
59224,35,19949,578,0
56980,59,3763,735,1
52409,37,28374,833,1
33224,23,23712,848,0
60738,29,6991,597,0
45150,19,11531,581,0
69688,24,20790,691,1
54393,33,26307,752,1
63082,20,12064,537,0
27973,62,12312,513,0
28577,20,5780,846,0
28070,44,5177,809,0
28666,60,16169,708,0
77761,57,7476,588,0
75642,55,19988,555,0
56368,50,25565,593,0
26783,45,3382,592,0
65994,18,17915,839,1
61914,25,23463,584,0
24971,54,13508,744,0
33490,49,1634,521,0
70357,60,27345,790,1
65719,54,12996,771,1
65080,21,27946,805,1
21990,47,15162,621,0
25299,23,17386,627,0
65765,63,15005,612,0
39956,36,9397,772,1
42359,49,23335,835,1
66240,26,13327,629,0
75472,29,15394,631,0
57148,28,28197,584,0
48734,63,23010,849,1
24757,33,25123,580,0
39097,18,23387,824,1
30395,62,3890,568,0
36241,38,28769,647,0
58356,47,11858,515,0
47696,30,23623,806,1
70118,51,9026,604,0
24944,21,4306,664,0
66163,45,1897,700,1
39816,55,10277,696,1
69840,48,10471,684,1
57011,44,15896,821,1
72853,22,16240,764,1
44917,42,15683,599,0
51195,20,1670,841,1
41566,50,24675,819,1
29916,21,18889,713,0
75856,42,23844,777,1
40806,37,12767,661,1
29984,51,14006,656,0
21759,43,22551,750,0
61949,22,16768,596,0
46838,52,27531,517,0
22482,45,22639,826,0
44442,46,17633,596,0
53719,26,23841,500,0
78066,55,2892,715,1
47965,23,4439,631,0
22079,36,27429,759,0
22717,61,3854,624,0
79676,28,27079,581,0
47952,19,12577,782,1
40908,64,12763,670,1
62460,61,21176,558,0
44861,61,12618,531,0
27311,26,22714,660,0
48071,38,25255,783,1
43570,41,9235,605,0
38449,51,20996,604,0
53536,39,3618,727,1
58258,20,22062,687,1
68302,29,4163,569,0
48865,45,26864,817,1
26645,47,3942,789,0
74235,43,25795,586,0
58000,38,2925,555,0
46737,45,3972,612,0
31485,43,12705,512,0
58565,50,11640,517,0
45522,38,29047,681,0
74078,52,11966,612,0
75168,51,18374,728,1
72487,58,12138,670,1
32342,64,19196,794,1
60806,35,16935,688,1
68770,28,14145,578,0
33087,40,26379,645,0
57641,39,1489,681,1
54249,34,12748,785,1
30093,22,23260,749,0
75457,61,27069,813,1
72603,28,21029,695,1
67190,47,24465,822,1
36438,32,20275,570,0
60411,44,27281,747,1
46399,52,4516,645,0
39846,50,20724,605,0
35708,37,7410,762,1
64039,33,1053,795,1
69984,51,19959,569,0
65368,19,29167,692,1
30998,52,17999,567,0
75106,57,6944,804,1
67063,45,8404,551,0
50678,64,1954,784,1
30682,56,11625,833,1
69148,23,2629,508,0
28519,26,11973,750,0
76373,37,7859,831,1
51480,18,9841,797,1
39694,25,11539,683,1
23300,40,13682,678,0
26722,20,4278,697,0
59986,21,22839,627,0
44160,42,28216,519,0
40059,64,21185,827,1
55822,55,19945,564,0
33575,32,28825,681,0
27970,38,7539,740,0
54911,52,17754,523,0
41591,63,1857,582,0
51821,31,5886,818,1
29503,53,13945,684,0
67917,29,8485,815,1
38922,34,14680,598,0
32175,56,17767,561,0
73699,26,15397,785,1
74771,52,29453,521,0
61124,30,11744,711,1
75764,32,5334,625,0
41389,35,21674,541,0
67838,50,20109,597,0
20822,23,13226,530,0
37327,44,28869,657,0
67057,40,23588,611,0
26150,44,14440,746,0
24425,51,16020,621,0
78118,63,23495,772,1
36032,55,5251,793,1
22198,31,13180,706,0
73394,53,17140,609,0
40079,25,1922,777,1
56220,52,20299,555,0
61874,36,28526,556,0
33859,47,8957,790,1
70460,31,20430,613,0
51419,37,16796,807,1
73329,42,26550,840,1
28705,57,2230,697,0
62880,41,11627,820,1
43236,31,25031,678,1
42419,43,11006,718,1
39978,55,28510,776,0
57609,40,5933,515,0
35358,39,15295,560,0
54177,36,26939,553,0
49378,63,17377,667,1
57334,20,21324,525,0
31382,59,23867,835,0
73643,36,1203,564,0
70707,26,17544,599,0
34596,45,16899,573,0
53572,37,26344,691,1
33221,62,4748,670,1
21279,24,7718,772,0
65960,31,19965,686,1
27083,26,2093,522,0
75138,36,16228,680,1
74771,64,21884,826,1
63861,31,26183,607,0
37771,55,17034,834,1
49975,53,6710,661,1
65648,57,10732,801,1
68285,34,20259,705,1
39063,47,4191,577,0
22106,26,19221,515,0
44557,50,1689,826,1
68854,42,21143,595,0
40607,31,28525,646,0
57599,28,3103,501,0
71920,52,1365,509,0
48529,58,15010,624,0
55954,31,12767,580,0
47856,47,17103,639,0
22573,58,25476,825,0
32808,21,13742,649,0
55367,21,13391,787,1
56801,45,5172,839,1
61196,25,29901,628,0
54072,19,23417,738,1
43752,58,16623,557,0
75029,63,3378,697,1
37685,39,18589,710,1
71693,58,22372,544,0
71203,33,13031,596,0
75961,46,6669,778,1
61401,47,3735,522,0
79420,29,28923,834,1
31372,52,10867,543,0
28996,28,9490,526,0
36458,63,1956,781,1
76133,38,10306,596,0
51889,38,7623,535,0
79519,22,15908,608,0
46665,37,28081,554,0
58243,54,18858,691,1
77384,20,5460,718,1
51653,61,24386,684,1
46657,50,14986,568,0
59952,26,13638,816,1
42180,26,29302,629,0
51896,21,29047,554,0
76293,52,23780,596,0
32875,34,20212,835,0
21622,51,3850,586,0
68756,41,14299,793,1
60809,49,11698,618,0
36725,18,29346,707,0
71226,25,20348,833,1
60760,62,5594,653,1
35646,40,26525,534,0
37029,64,15282,578,0
49402,57,17285,566,0
24263,29,15334,842,0
77953,29,7644,533,0
50987,63,3850,596,0
66828,64,15933,668,1
75288,32,1165,668,1
67924,58,29062,650,0
28646,36,11701,570,0
47529,43,1919,502,0
79052,46,9305,813,1
31664,39,20888,531,0
55737,57,18375,786,1
55796,38,16715,581,0
44027,55,23431,542,0
49373,37,4839,604,0
71833,46,18642,500,0
56397,21,24993,560,0
40609,24,12618,769,1
55835,45,26090,679,1
58709,45,14519,723,1
70538,21,22188,505,0
39250,39,28772,602,0
41172,29,11776,509,0
31555,62,1067,570,0
41874,20,10788,589,0
33081,39,6660,725,1
73276,61,5478,657,1
77492,19,9210,727,1
73002,41,11922,625,0
74567,51,4521,708,1
79402,44,1572,596,0
44063,58,8082,573,0
26819,18,25216,614,0
45712,25,6395,690,1
44762,40,16407,669,1
31046,55,19642,806,0
51463,23,12094,703,1
78594,39,23423,555,0
70485,42,1650,707,1
48769,35,6741,540,0
73302,34,14281,531,0
43150,29,7838,514,0
22711,23,19971,561,0
24853,43,25260,654,0
49077,44,4262,783,1
75364,25,18722,708,1
43863,36,5996,819,1
41792,59,12826,686,1
79129,18,23164,629,0
60483,46,3827,626,0
28942,62,15211,791,0
68275,52,6232,613,0
68594,57,3217,698,1
21762,31,20923,512,0
51987,52,25229,770,1
35850,62,15232,588,0
32112,37,26613,714,0
76253,30,15026,777,1
44058,55,21767,702,1
65420,63,29554,573,0
58890,25,20345,524,0
20481,60,20610,600,0
67304,37,14878,675,1
52921,50,7837,616,0
60385,43,8031,665,1
21524,56,15806,540,0
54888,38,26674,843,1
35048,59,27900,619,0
55111,60,26515,596,0
57904,58,4716,644,0
74912,26,4414,715,1
54008,41,18832,728,1
20060,54,1570,812,0
29130,58,20288,629,0
38023,34,14288,817,1
75337,41,19889,636,0
65080,38,1917,823,1
33350,56,11066,836,1
44354,58,7982,772,1
65186,56,24811,616,0
48145,30,7336,805,1
54020,28,19062,593,0
40587,63,17999,667,1
61131,36,10941,702,1
29650,28,29401,840,0
39933,30,24470,648,0
40581,63,13380,682,1
43393,62,28053,651,0
43051,18,22133,573,0
71474,57,20889,773,1
46212,61,12667,541,0
69082,36,5529,711,1
24090,29,18519,600,0
26960,25,13192,544,0
55772,25,9566,581,0
41520,62,8226,516,0
69481,29,6162,572,0
56408,50,17590,513,0
48470,62,22259,656,1
77134,43,2319,722,1
40491,56,2141,631,0
21341,45,5627,837,0
64623,22,24773,546,0
44791,25,15501,606,0
20338,42,3690,607,0
25895,44,8323,764,0
32254,63,4255,704,1
71860,40,25665,578,0
31344,47,6213,654,1
21750,62,5108,770,0
74756,64,20404,746,1
22421,40,19241,518,0
59887,64,26380,845,1
78053,37,26520,525,0
25319,35,20173,716,0
35896,35,21259,653,1
75761,19,24989,653,1
74539,21,10802,673,1
31918,47,25519,591,0
73145,50,28499,837,1
45064,53,23439,680,1
77196,35,21266,630,0
66617,54,12413,797,1
77390,36,15995,774,1
47935,64,24559,772,1
57641,45,13583,575,0
49711,57,24513,676,1
24806,37,6021,683,0
61360,50,22119,818,1
32182,29,19771,630,0
42297,32,7582,548,0
76276,58,14455,554,0
39541,56,26517,653,0
48921,19,14117,699,1
36774,46,23250,807,0
64813,58,19950,617,0
57198,27,18359,762,1
28820,19,24596,545,0
44070,28,26530,801,0
24232,30,2262,688,0
31122,27,22431,809,0
35023,31,26519,817,0
28007,35,27778,628,0
37905,26,8382,548,0
61786,56,23615,524,0
49398,45,4327,765,1
54268,20,23014,617,0
26737,37,29850,643,0
56062,23,19643,699,1
74237,44,11020,656,1
71571,19,18641,847,1
45510,46,17848,633,0
39426,55,15062,647,0
57265,20,20678,835,1
37850,33,7774,570,0
72713,47,16160,732,1
20614,57,24815,833,0
41776,19,2230,798,1
44077,34,28230,653,0
29374,58,10076,589,0
72375,29,4805,833,1
76290,52,23803,698,1
55435,60,15715,660,1
50907,18,6750,525,0
77132,62,16627,620,0
33409,32,14232,800,1
36514,43,21240,711,1
49866,54,4135,562,0
22983,38,7953,567,0
51705,48,26500,752,1
40662,42,23418,501,0
43510,40,21973,607,0
32651,41,2546,785,1
60998,55,16457,548,0
76846,45,23449,639,0
48535,38,18478,717,1
26640,60,3411,543,0
64547,35,20001,768,1
74620,53,15113,577,0
35317,52,26338,715,0
70072,62,27899,597,0
27564,26,5145,735,0
47345,55,3775,781,1
68288,47,14193,648,0
48687,61,13851,803,1
77836,51,14070,565,0
33737,49,24012,733,0
29323,20,20539,586,0
35229,20,4970,578,0
64481,45,25356,704,1
28502,61,27616,778,0
78082,32,15119,836,1
72393,58,26159,753,1
20545,40,22799,803,0
79805,57,5331,629,0
57114,28,11295,583,0
49430,49,2942,775,1
29996,53,23410,686,0
47788,50,25685,545,0
49969,41,17575,682,1
68543,56,26479,767,1
33919,51,14404,795,1
23810,45,1861,821,0
50586,54,24095,599,0
59974,24,10275,577,0
61773,21,18033,771,1
36371,54,5134,838,1
65084,18,12803,661,1
49629,18,16408,543,0
71184,64,24971,737,1
28436,37,26212,633,0
32984,36,18420,691,1
53039,46,17351,777,1
39895,27,5131,517,0
38155,35,19532,511,0
78606,45,13057,679,1
30616,52,12349,622,0
57129,60,29163,745,1
59837,64,12486,721,1
70072,48,6457,550,0
44574,44,7079,570,0
23430,28,13453,547,0
73587,55,19814,518,0
32676,22,19263,761,1
30816,25,13158,583,0
52733,51,16735,654,1
40144,29,16830,552,0
22050,55,16125,606,0
64460,18,12905,803,1
53933,48,29702,634,0
44951,21,24926,568,0
52413,62,13298,510,0
54801,22,3011,642,0
75619,47,4373,691,1
52913,41,11335,568,0
67037,20,24741,522,0
73540,28,11692,680,1
60600,62,15527,792,1
77775,21,13773,508,0
45280,43,2289,770,1
44557,44,2447,592,0
67054,63,20583,516,0
55400,60,23765,653,1
24494,44,27519,827,0
35152,59,24906,648,0
77208,23,23443,766,1
43895,32,20567,827,1
29155,47,15139,605,0
51883,59,14757,534,0
63194,54,6462,618,0
63001,54,20600,513,0
21828,59,20520,513,0
79452,54,20702,765,1
65028,52,20166,639,0
61898,40,26566,793,1
52123,23,8657,618,0
57573,21,5920,737,1
20806,35,11345,533,0
78807,26,23708,668,1
76638,46,23711,509,0
60970,30,9417,621,0
49757,64,18160,644,0
54636,34,28413,722,1
34561,62,6208,756,1
68280,49,1687,767,1
44262,39,17913,503,0
34899,21,29018,605,0
74842,22,22451,584,0
76979,54,14223,713,1
68988,58,9080,620,0
35934,30,22902,631,0
58197,51,19537,837,1
61844,62,10486,696,1
56332,39,7094,518,0
54157,40,24358,629,0
31593,20,27102,511,0
